,State,Offense_Year,Offense_Type,Offense_Count
0,OH,2012,aggravated_assault,4213.0
1,OH,2012,all_other_offenses,59879.0
2,OH,2012,arson,175.0
3,OH,2012,burglary,6686.0
4,OH,2012,curfew,869.0
5,OH,2012,disorderly,17016.0
6,OH,2012,driving,38016.0
7,OH,2012,drug_abuse_gt,30411.0
8,OH,2012,drug_poss_m,13982.0
9,OH,2012,drug_poss_opium,6857.0
10,OH,2012,drug_poss_other,4286.0
11,OH,2012,drug_poss_subtotal,26637.0
12,OH,2012,drug_poss_synthetic,1478.0
13,OH,2012,drug_sales_m,928.0
14,OH,2012,drug_sales_opium,1202.0
15,OH,2012,drug_sales_other,715.0
16,OH,2012,drug_sales_subtotal,3116.0
17,OH,2012,drug_sales_synthetic,271.0
18,OH,2012,drunkness,3075.0
19,OH,2012,embezzlement,14.0
20,OH,2012,forgery,1188.0
21,OH,2012,fraud,2434.0
22,OH,2012,g_all,3.0
23,OH,2012,g_b,0.0
24,OH,2012,g_n,0.0
25,OH,2012,g_t,59.0
26,OH,2012,ht_c_s_a,0.0
27,OH,2012,ht_i_s,0.0
28,OH,2012,larceny,33350.0
29,OH,2012,liquor,8996.0
30,OH,2012,manslaughter,5.0
31,OH,2012,mvt,775.0
32,OH,2012,murder,212.0
33,OH,2012,offense_family,3023.0
34,OH,2012,prostitution,921.0
35,OH,2012,prostitution_a_p_p,0.0
36,OH,2012,prostitution_p,0.0
37,OH,2012,prostitution_p_p,0.0
38,OH,2012,rape,463.0
39,OH,2012,robbery,2588.0
40,OH,2012,sex_offense,817.0
41,OH,2012,simple_assault,35404.0
42,OH,2012,stolen_property,3869.0
43,OH,2012,suspicion,25.0
44,OH,2012,vagrancy,9.0
45,OH,2012,vandalism,4376.0
46,OH,2012,weapons,3301.0
48,OH,2012,data_year,2012.0
49,OH,2013,aggravated_assault,4073.0
50,OH,2013,all_other_offenses,51183.0
51,OH,2013,arson,236.0
52,OH,2013,burglary,5247.0
53,OH,2013,curfew,501.0
54,OH,2013,disorderly,14898.0
55,OH,2013,driving,34322.0
56,OH,2013,drug_abuse_gt,30505.0
57,OH,2013,drug_poss_m,14857.0
58,OH,2013,drug_poss_opium,6837.0
59,OH,2013,drug_poss_other,3740.0
60,OH,2013,drug_poss_subtotal,26803.0
61,OH,2013,drug_poss_synthetic,1369.0
62,OH,2013,drug_sales_m,861.0
63,OH,2013,drug_sales_opium,1250.0
64,OH,2013,drug_sales_other,633.0
65,OH,2013,drug_sales_subtotal,2973.0
66,OH,2013,drug_sales_synthetic,229.0
67,OH,2013,drunkness,1723.0
68,OH,2013,embezzlement,39.0
69,OH,2013,forgery,1185.0
70,OH,2013,fraud,2495.0
71,OH,2013,g_all,3.0
72,OH,2013,g_b,0.0
73,OH,2013,g_n,1.0
74,OH,2013,g_t,19.0
75,OH,2013,ht_c_s_a,0.0
76,OH,2013,ht_i_s,0.0
77,OH,2013,larceny,31364.0
78,OH,2013,liquor,7455.0
79,OH,2013,manslaughter,14.0
80,OH,2013,mvt,732.0
81,OH,2013,murder,150.0
82,OH,2013,offense_family,1600.0
83,OH,2013,prostitution,1740.0
84,OH,2013,prostitution_a_p_p,0.0
85,OH,2013,prostitution_p,0.0
86,OH,2013,prostitution_p_p,0.0
87,OH,2013,rape,400.0
88,OH,2013,robbery,2291.0
89,OH,2013,sex_offense,715.0
90,OH,2013,simple_assault,32398.0
91,OH,2013,stolen_property,3211.0
92,OH,2013,suspicion,51.0
93,OH,2013,vagrancy,36.0
94,OH,2013,vandalism,3872.0
95,OH,2013,weapons,2962.0
97,OH,2013,data_year,2013.0
98,OH,2014,aggravated_assault,4018.0
99,OH,2014,all_other_offenses,53799.0
100,OH,2014,arson,202.0
101,OH,2014,burglary,4900.0
102,OH,2014,curfew,481.0
103,OH,2014,disorderly,16400.0
104,OH,2014,driving,35401.0
105,OH,2014,drug_abuse_gt,37458.0
106,OH,2014,drug_poss_m,18510.0
107,OH,2014,drug_poss_opium,8777.0
108,OH,2014,drug_poss_other,3956.0
109,OH,2014,drug_poss_subtotal,32706.0
110,OH,2014,drug_poss_synthetic,1463.0
111,OH,2014,drug_sales_m,1098.0
112,OH,2014,drug_sales_opium,1817.0
113,OH,2014,drug_sales_other,639.0
114,OH,2014,drug_sales_subtotal,3810.0
115,OH,2014,drug_sales_synthetic,256.0
116,OH,2014,drunkness,2603.0
117,OH,2014,embezzlement,52.0
118,OH,2014,forgery,1140.0
119,OH,2014,fraud,2560.0
120,OH,2014,g_all,5.0
121,OH,2014,g_b,0.0
122,OH,2014,g_n,0.0
123,OH,2014,g_t,35.0
124,OH,2014,ht_c_s_a,0.0
125,OH,2014,ht_i_s,0.0
126,OH,2014,larceny,33732.0
127,OH,2014,liquor,8423.0
128,OH,2014,manslaughter,5.0
129,OH,2014,mvt,764.0
130,OH,2014,murder,218.0
131,OH,2014,offense_family,1869.0
132,OH,2014,prostitution,1550.0
133,OH,2014,prostitution_a_p_p,0.0
134,OH,2014,prostitution_p,0.0
135,OH,2014,prostitution_p_p,0.0
136,OH,2014,rape,496.0
137,OH,2014,robbery,2162.0
138,OH,2014,sex_offense,687.0
139,OH,2014,simple_assault,32759.0
140,OH,2014,stolen_property,3381.0
141,OH,2014,suspicion,50.0
142,OH,2014,vagrancy,25.0
143,OH,2014,vandalism,3928.0
144,OH,2014,weapons,3274.0
146,OH,2014,data_year,2014.0
147,OH,2015,aggravated_assault,3772.0
148,OH,2015,all_other_offenses,55704.0
149,OH,2015,arson,214.0
150,OH,2015,burglary,4273.0
151,OH,2015,curfew,610.0
152,OH,2015,disorderly,15710.0
153,OH,2015,driving,35213.0
154,OH,2015,drug_abuse_gt,34940.0
155,OH,2015,drug_poss_m,16494.0
156,OH,2015,drug_poss_opium,8818.0
157,OH,2015,drug_poss_other,4056.0
158,OH,2015,drug_poss_subtotal,30924.0
159,OH,2015,drug_poss_synthetic,1457.0
160,OH,2015,drug_sales_m,912.0
161,OH,2015,drug_sales_opium,1603.0
162,OH,2015,drug_sales_other,510.0
163,OH,2015,drug_sales_subtotal,3279.0
164,OH,2015,drug_sales_synthetic,232.0
165,OH,2015,drunkness,1745.0
166,OH,2015,embezzlement,25.0
167,OH,2015,forgery,1070.0
168,OH,2015,fraud,2312.0
169,OH,2015,g_all,0.0
170,OH,2015,g_b,0.0
171,OH,2015,g_n,0.0
172,OH,2015,g_t,32.0
173,OH,2015,ht_c_s_a,0.0
174,OH,2015,ht_i_s,0.0
175,OH,2015,larceny,32500.0
176,OH,2015,liquor,6485.0
177,OH,2015,manslaughter,5.0
178,OH,2015,mvt,799.0
179,OH,2015,murder,180.0
180,OH,2015,offense_family,1845.0
181,OH,2015,prostitution,1275.0
182,OH,2015,prostitution_a_p_p,0.0
183,OH,2015,prostitution_p,0.0
184,OH,2015,prostitution_p_p,0.0
185,OH,2015,rape,448.0
186,OH,2015,robbery,2029.0
187,OH,2015,sex_offense,666.0
188,OH,2015,simple_assault,31149.0
189,OH,2015,stolen_property,3234.0
190,OH,2015,suspicion,8.0
191,OH,2015,vagrancy,83.0
192,OH,2015,vandalism,3551.0
193,OH,2015,weapons,3334.0
195,OH,2015,data_year,2015.0
196,OH,2016,aggravated_assault,4829.0
197,OH,2016,all_other_offenses,62831.0
198,OH,2016,arson,276.0
199,OH,2016,burglary,4118.0
200,OH,2016,curfew,567.0
201,OH,2016,disorderly,15637.0
202,OH,2016,driving,26614.0
203,OH,2016,drug_abuse_gt,39825.0
204,OH,2016,drug_poss_m,18527.0
205,OH,2016,drug_poss_opium,9892.0
206,OH,2016,drug_poss_other,5238.0
207,OH,2016,drug_poss_subtotal,35314.0
208,OH,2016,drug_poss_synthetic,1624.0
209,OH,2016,drug_sales_m,1050.0
210,OH,2016,drug_sales_opium,1761.0
211,OH,2016,drug_sales_other,569.0
212,OH,2016,drug_sales_subtotal,3622.0
213,OH,2016,drug_sales_synthetic,234.0
214,OH,2016,drunkness,2178.0
215,OH,2016,embezzlement,21.0
216,OH,2016,forgery,1073.0
217,OH,2016,fraud,2366.0
218,OH,2016,g_all,1.0
219,OH,2016,g_b,0.0
220,OH,2016,g_n,0.0
221,OH,2016,g_t,41.0
222,OH,2016,ht_c_s_a,0.0
223,OH,2016,ht_i_s,0.0
224,OH,2016,larceny,31511.0
225,OH,2016,liquor,6430.0
226,OH,2016,manslaughter,19.0
227,OH,2016,mvt,718.0
228,OH,2016,murder,228.0
229,OH,2016,offense_family,1741.0
230,OH,2016,prostitution,1342.0
231,OH,2016,prostitution_a_p_p,0.0
232,OH,2016,prostitution_p,0.0
233,OH,2016,prostitution_p_p,0.0
234,OH,2016,rape,507.0
235,OH,2016,robbery,2013.0
236,OH,2016,sex_offense,611.0
237,OH,2016,simple_assault,31448.0
238,OH,2016,stolen_property,3763.0
239,OH,2016,suspicion,31.0
240,OH,2016,vagrancy,102.0
241,OH,2016,vandalism,3790.0
242,OH,2016,weapons,3907.0
244,OH,2016,data_year,2016.0
245,OH,2017,aggravated_assault,6193.0
246,OH,2017,all_other_offenses,63121.0
247,OH,2017,arson,294.0
248,OH,2017,burglary,4570.0
249,OH,2017,curfew,558.0
250,OH,2017,disorderly,12854.0
251,OH,2017,driving,15508.0
252,OH,2017,drug_abuse_gt,41808.0
253,OH,2017,drug_poss_m,17590.0
254,OH,2017,drug_poss_opium,10042.0
255,OH,2017,drug_poss_other,7673.0
256,OH,2017,drug_poss_subtotal,36916.0
257,OH,2017,drug_poss_synthetic,1611.0
258,OH,2017,drug_sales_m,1081.0
259,OH,2017,drug_sales_opium,1438.0
260,OH,2017,drug_sales_other,837.0
261,OH,2017,drug_sales_subtotal,3528.0
262,OH,2017,drug_sales_synthetic,172.0
263,OH,2017,drunkness,4503.0
264,OH,2017,embezzlement,22.0
265,OH,2017,forgery,1005.0
266,OH,2017,fraud,2357.0
267,OH,2017,g_all,0.0
268,OH,2017,g_b,0.0
269,OH,2017,g_n,0.0
270,OH,2017,g_t,23.0
271,OH,2017,ht_c_s_a,1.0
272,OH,2017,ht_i_s,0.0
273,OH,2017,larceny,31612.0
274,OH,2017,liquor,5255.0
275,OH,2017,manslaughter,9.0
276,OH,2017,mvt,966.0
277,OH,2017,murder,266.0
278,OH,2017,offense_family,1718.0
279,OH,2017,prostitution,1164.0
280,OH,2017,prostitution_a_p_p,1041.0
281,OH,2017,prostitution_p,113.0
282,OH,2017,prostitution_p_p,8.0
283,OH,2017,rape,481.0
284,OH,2017,robbery,2239.0
285,OH,2017,sex_offense,509.0
286,OH,2017,simple_assault,35950.0
287,OH,2017,stolen_property,3279.0
288,OH,2017,suspicion,6.0
289,OH,2017,vagrancy,145.0
290,OH,2017,vandalism,4135.0
291,OH,2017,weapons,4340.0
293,OH,2017,data_year,2017.0
294,PA,2012,aggravated_assault,16077.0
295,PA,2012,all_other_offenses,57976.0
296,PA,2012,arson,585.0
297,PA,2012,burglary,10276.0
298,PA,2012,curfew,17001.0
299,PA,2012,disorderly,50603.0
300,PA,2012,driving,50776.0
301,PA,2012,drug_abuse_gt,57300.0
302,PA,2012,drug_poss_m,20579.0
303,PA,2012,drug_poss_opium,9903.0
304,PA,2012,drug_poss_other,4967.0
305,PA,2012,drug_poss_subtotal,37911.0
306,PA,2012,drug_poss_synthetic,2466.0
307,PA,2012,drug_sales_m,5718.0
308,PA,2012,drug_sales_opium,10747.0
309,PA,2012,drug_sales_other,1396.0
310,PA,2012,drug_sales_subtotal,19390.0
311,PA,2012,drug_sales_synthetic,1524.0
312,PA,2012,drunkness,25506.0
313,PA,2012,embezzlement,451.0
314,PA,2012,forgery,2589.0
315,PA,2012,fraud,7178.0
316,PA,2012,g_all,87.0
317,PA,2012,g_b,16.0
318,PA,2012,g_n,34.0
319,PA,2012,g_t,137.0
320,PA,2012,ht_c_s_a,0.0
321,PA,2012,ht_i_s,0.0
322,PA,2012,larceny,51492.0
323,PA,2012,liquor,20054.0
324,PA,2012,manslaughter,46.0
325,PA,2012,mvt,2608.0
326,PA,2012,murder,557.0
327,PA,2012,offense_family,1719.0
328,PA,2012,prostitution,2149.0
329,PA,2012,prostitution_a_p_p,0.0
330,PA,2012,prostitution_p,0.0
331,PA,2012,prostitution_p_p,0.0
332,PA,2012,rape,963.0
333,PA,2012,robbery,6521.0
334,PA,2012,sex_offense,2654.0
335,PA,2012,simple_assault,46290.0
336,PA,2012,stolen_property,2818.0
337,PA,2012,suspicion,0.0
338,PA,2012,vagrancy,748.0
339,PA,2012,vandalism,9670.0
340,PA,2012,weapons,4280.0
342,PA,2012,data_year,2012.0
343,PA,2013,aggravated_assault,15680.0
344,PA,2013,all_other_offenses,58977.0
345,PA,2013,arson,481.0
346,PA,2013,burglary,9856.0
347,PA,2013,curfew,17251.0
348,PA,2013,disorderly,46970.0
349,PA,2013,driving,48317.0
350,PA,2013,drug_abuse_gt,57928.0
351,PA,2013,drug_poss_m,20633.0
352,PA,2013,drug_poss_opium,10256.0
353,PA,2013,drug_poss_other,5351.0
354,PA,2013,drug_poss_subtotal,38469.0
355,PA,2013,drug_poss_synthetic,2231.0
356,PA,2013,drug_sales_m,5427.0
357,PA,2013,drug_sales_opium,10946.0
358,PA,2013,drug_sales_other,1501.0
359,PA,2013,drug_sales_subtotal,19459.0
360,PA,2013,drug_sales_synthetic,1585.0
361,PA,2013,drunkness,24422.0
362,PA,2013,embezzlement,477.0
363,PA,2013,forgery,2641.0
364,PA,2013,fraud,7214.0
365,PA,2013,g_all,77.0
366,PA,2013,g_b,6.0
367,PA,2013,g_n,18.0
368,PA,2013,g_t,101.0
369,PA,2013,ht_c_s_a,0.0
370,PA,2013,ht_i_s,0.0
371,PA,2013,larceny,52044.0
372,PA,2013,liquor,16130.0
373,PA,2013,manslaughter,50.0
374,PA,2013,mvt,2413.0
375,PA,2013,murder,496.0
376,PA,2013,offense_family,1928.0
377,PA,2013,prostitution,2081.0
378,PA,2013,prostitution_a_p_p,0.0
379,PA,2013,prostitution_p,0.0
380,PA,2013,prostitution_p_p,0.0
381,PA,2013,rape,1189.0
382,PA,2013,robbery,6131.0
383,PA,2013,sex_offense,2530.0
384,PA,2013,simple_assault,45477.0
385,PA,2013,stolen_property,2675.0
386,PA,2013,suspicion,0.0
387,PA,2013,vagrancy,529.0
388,PA,2013,vandalism,8622.0
389,PA,2013,weapons,4379.0
391,PA,2013,data_year,2013.0
392,PA,2014,aggravated_assault,14342.0
393,PA,2014,all_other_offenses,61881.0
394,PA,2014,arson,482.0
395,PA,2014,burglary,8156.0
396,PA,2014,curfew,15441.0
397,PA,2014,disorderly,41715.0
398,PA,2014,driving,47828.0
399,PA,2014,drug_abuse_gt,58455.0
400,PA,2014,drug_poss_m,20346.0
401,PA,2014,drug_poss_opium,11061.0
402,PA,2014,drug_poss_other,6152.0
403,PA,2014,drug_poss_subtotal,40353.0
404,PA,2014,drug_poss_synthetic,2793.0
405,PA,2014,drug_sales_m,4567.0
406,PA,2014,drug_sales_opium,10692.0
407,PA,2014,drug_sales_other,1501.0
408,PA,2014,drug_sales_subtotal,18097.0
409,PA,2014,drug_sales_synthetic,1337.0
410,PA,2014,drunkness,23672.0
411,PA,2014,embezzlement,455.0
412,PA,2014,forgery,2302.0
413,PA,2014,fraud,7617.0
414,PA,2014,g_all,69.0
415,PA,2014,g_b,6.0
416,PA,2014,g_n,16.0
417,PA,2014,g_t,91.0
418,PA,2014,ht_c_s_a,0.0
419,PA,2014,ht_i_s,0.0
420,PA,2014,larceny,51895.0
421,PA,2014,liquor,14398.0
422,PA,2014,manslaughter,41.0
423,PA,2014,mvt,2376.0
424,PA,2014,murder,408.0
425,PA,2014,offense_family,1841.0
426,PA,2014,prostitution,2334.0
427,PA,2014,prostitution_a_p_p,0.0
428,PA,2014,prostitution_p,0.0
429,PA,2014,prostitution_p_p,0.0
430,PA,2014,rape,1106.0
431,PA,2014,robbery,5658.0
432,PA,2014,sex_offense,2276.0
433,PA,2014,simple_assault,43707.0
434,PA,2014,stolen_property,2516.0
435,PA,2014,suspicion,0.0
436,PA,2014,vagrancy,489.0
437,PA,2014,vandalism,7875.0
438,PA,2014,weapons,4806.0
440,PA,2014,data_year,2014.0
441,PA,2015,aggravated_assault,13249.0
442,PA,2015,all_other_offenses,55580.0
443,PA,2015,arson,471.0
444,PA,2015,burglary,7263.0
445,PA,2015,curfew,12153.0
446,PA,2015,disorderly,39503.0
447,PA,2015,driving,46916.0
448,PA,2015,drug_abuse_gt,56646.0
449,PA,2015,drug_poss_m,18483.0
450,PA,2015,drug_poss_opium,11581.0
451,PA,2015,drug_poss_other,6251.0
452,PA,2015,drug_poss_subtotal,39191.0
453,PA,2015,drug_poss_synthetic,2876.0
454,PA,2015,drug_sales_m,4375.0
455,PA,2015,drug_sales_opium,10074.0
456,PA,2015,drug_sales_other,1533.0
457,PA,2015,drug_sales_subtotal,17455.0
458,PA,2015,drug_sales_synthetic,1471.0
459,PA,2015,drunkness,22157.0
460,PA,2015,embezzlement,442.0
461,PA,2015,forgery,2478.0
462,PA,2015,fraud,8366.0
463,PA,2015,g_all,46.0
464,PA,2015,g_b,2.0
465,PA,2015,g_n,16.0
466,PA,2015,g_t,64.0
467,PA,2015,ht_c_s_a,0.0
468,PA,2015,ht_i_s,0.0
469,PA,2015,larceny,48189.0
470,PA,2015,liquor,11477.0
471,PA,2015,manslaughter,40.0
472,PA,2015,mvt,2338.0
473,PA,2015,murder,501.0
474,PA,2015,offense_family,1914.0
475,PA,2015,prostitution,1818.0
476,PA,2015,prostitution_a_p_p,0.0
477,PA,2015,prostitution_p,0.0
478,PA,2015,prostitution_p_p,0.0
479,PA,2015,rape,1106.0
480,PA,2015,robbery,5235.0
481,PA,2015,sex_offense,2418.0
482,PA,2015,simple_assault,43796.0
483,PA,2015,stolen_property,2484.0
484,PA,2015,suspicion,0.0
485,PA,2015,vagrancy,391.0
486,PA,2015,vandalism,7607.0
487,PA,2015,weapons,4529.0
489,PA,2015,data_year,2015.0
490,PA,2016,aggravated_assault,13266.0
491,PA,2016,all_other_offenses,48041.0
492,PA,2016,arson,437.0
493,PA,2016,burglary,6651.0
494,PA,2016,curfew,7368.0
495,PA,2016,disorderly,37125.0
496,PA,2016,driving,46791.0
497,PA,2016,drug_abuse_gt,57538.0
498,PA,2016,drug_poss_m,20192.0
499,PA,2016,drug_poss_opium,11803.0
500,PA,2016,drug_poss_other,6740.0
501,PA,2016,drug_poss_subtotal,40966.0
502,PA,2016,drug_poss_synthetic,2231.0
503,PA,2016,drug_sales_m,4107.0
504,PA,2016,drug_sales_opium,9574.0
505,PA,2016,drug_sales_other,1617.0
506,PA,2016,drug_sales_subtotal,16572.0
507,PA,2016,drug_sales_synthetic,1271.0
508,PA,2016,drunkness,21474.0
509,PA,2016,embezzlement,497.0
510,PA,2016,forgery,2428.0
511,PA,2016,fraud,8404.0
512,PA,2016,g_all,90.0
513,PA,2016,g_b,7.0
514,PA,2016,g_n,9.0
515,PA,2016,g_t,106.0
516,PA,2016,ht_c_s_a,0.0
517,PA,2016,ht_i_s,0.0
518,PA,2016,larceny,44589.0
519,PA,2016,liquor,9789.0
520,PA,2016,manslaughter,57.0
521,PA,2016,mvt,2456.0
522,PA,2016,murder,416.0
523,PA,2016,offense_family,1877.0
524,PA,2016,prostitution,1909.0
525,PA,2016,prostitution_a_p_p,0.0
526,PA,2016,prostitution_p,0.0
527,PA,2016,prostitution_p_p,0.0
528,PA,2016,rape,1050.0
529,PA,2016,robbery,5028.0
530,PA,2016,sex_offense,2279.0
531,PA,2016,simple_assault,41687.0
532,PA,2016,stolen_property,2506.0
533,PA,2016,suspicion,0.0
534,PA,2016,vagrancy,274.0
535,PA,2016,vandalism,7358.0
536,PA,2016,weapons,4969.0
538,PA,2016,data_year,2016.0
539,PA,2017,aggravated_assault,13911.0
540,PA,2017,all_other_offenses,47217.0
541,PA,2017,arson,362.0
542,PA,2017,burglary,6167.0
543,PA,2017,curfew,6738.0
544,PA,2017,disorderly,35939.0
545,PA,2017,driving,45496.0
546,PA,2017,drug_abuse_gt,63841.0
547,PA,2017,drug_poss_m,23127.0
548,PA,2017,drug_poss_opium,13076.0
549,PA,2017,drug_poss_other,7221.0
550,PA,2017,drug_poss_subtotal,46082.0
551,PA,2017,drug_poss_synthetic,2658.0
552,PA,2017,drug_sales_m,4666.0
553,PA,2017,drug_sales_opium,9960.0
554,PA,2017,drug_sales_other,1682.0
555,PA,2017,drug_sales_subtotal,17741.0
556,PA,2017,drug_sales_synthetic,1433.0
557,PA,2017,drunkness,21251.0
558,PA,2017,embezzlement,479.0
559,PA,2017,forgery,2428.0
560,PA,2017,fraud,7801.0
561,PA,2017,g_all,29.0
562,PA,2017,g_b,9.0
563,PA,2017,g_n,15.0
564,PA,2017,g_t,53.0
565,PA,2017,ht_c_s_a,0.0
566,PA,2017,ht_i_s,0.0
567,PA,2017,larceny,41899.0
568,PA,2017,liquor,9479.0
569,PA,2017,manslaughter,73.0
570,PA,2017,mvt,2434.0
571,PA,2017,murder,461.0
572,PA,2017,offense_family,2046.0
573,PA,2017,prostitution,1771.0
574,PA,2017,prostitution_a_p_p,0.0
575,PA,2017,prostitution_p,1.0
576,PA,2017,prostitution_p_p,0.0
577,PA,2017,rape,1176.0
578,PA,2017,robbery,4917.0
579,PA,2017,sex_offense,2223.0
580,PA,2017,simple_assault,42689.0
581,PA,2017,stolen_property,2422.0
582,PA,2017,suspicion,0.0
583,PA,2017,vagrancy,309.0
584,PA,2017,vandalism,7261.0
585,PA,2017,weapons,5088.0
587,PA,2017,data_year,2017.0
588,WV,2012,aggravated_assault,1810.0
589,WV,2012,all_other_offenses,16621.0
590,WV,2012,arson,53.0
591,WV,2012,burglary,1118.0
592,WV,2012,curfew,47.0
593,WV,2012,disorderly,1225.0
594,WV,2012,driving,7316.0
595,WV,2012,drug_abuse_gt,8111.0
596,WV,2012,drug_poss_m,3696.0
597,WV,2012,drug_poss_opium,610.0
598,WV,2012,drug_poss_other,1033.0
599,WV,2012,drug_poss_subtotal,6402.0
600,WV,2012,drug_poss_synthetic,1063.0
601,WV,2012,drug_sales_m,468.0
602,WV,2012,drug_sales_opium,429.0
603,WV,2012,drug_sales_other,213.0
604,WV,2012,drug_sales_subtotal,1459.0
605,WV,2012,drug_sales_synthetic,349.0
606,WV,2012,drunkness,3306.0
607,WV,2012,embezzlement,168.0
608,WV,2012,forgery,458.0
609,WV,2012,fraud,825.0
610,WV,2012,g_all,0.0
611,WV,2012,g_b,0.0
612,WV,2012,g_n,0.0
613,WV,2012,g_t,3.0
614,WV,2012,ht_c_s_a,0.0
615,WV,2012,ht_i_s,0.0
616,WV,2012,larceny,6991.0
617,WV,2012,liquor,1851.0
618,WV,2012,manslaughter,0.0
619,WV,2012,mvt,267.0
620,WV,2012,murder,47.0
621,WV,2012,offense_family,103.0
622,WV,2012,prostitution,87.0
623,WV,2012,prostitution_a_p_p,0.0
624,WV,2012,prostitution_p,0.0
625,WV,2012,prostitution_p_p,0.0
626,WV,2012,rape,69.0
627,WV,2012,robbery,262.0
628,WV,2012,sex_offense,188.0
629,WV,2012,simple_assault,6892.0
630,WV,2012,stolen_property,411.0
631,WV,2012,suspicion,0.0
632,WV,2012,vagrancy,13.0
633,WV,2012,vandalism,978.0
634,WV,2012,weapons,443.0
636,WV,2012,data_year,2012.0
637,WV,2013,aggravated_assault,1613.0
638,WV,2013,all_other_offenses,14465.0
639,WV,2013,arson,34.0
640,WV,2013,burglary,955.0
641,WV,2013,curfew,36.0
642,WV,2013,disorderly,897.0
643,WV,2013,driving,6075.0
644,WV,2013,drug_abuse_gt,6913.0
645,WV,2013,drug_poss_m,3035.0
646,WV,2013,drug_poss_opium,636.0
647,WV,2013,drug_poss_other,838.0
648,WV,2013,drug_poss_subtotal,5381.0
649,WV,2013,drug_poss_synthetic,872.0
650,WV,2013,drug_sales_m,353.0
651,WV,2013,drug_sales_opium,473.0
652,WV,2013,drug_sales_other,229.0
653,WV,2013,drug_sales_subtotal,1234.0
654,WV,2013,drug_sales_synthetic,179.0
655,WV,2013,drunkness,2460.0
656,WV,2013,embezzlement,156.0
657,WV,2013,forgery,334.0
658,WV,2013,fraud,720.0
659,WV,2013,g_all,0.0
660,WV,2013,g_b,0.0
661,WV,2013,g_n,0.0
662,WV,2013,g_t,5.0
663,WV,2013,ht_c_s_a,0.0
664,WV,2013,ht_i_s,0.0
665,WV,2013,larceny,6032.0
666,WV,2013,liquor,1779.0
667,WV,2013,manslaughter,1.0
668,WV,2013,mvt,184.0
669,WV,2013,murder,33.0
670,WV,2013,offense_family,84.0
671,WV,2013,prostitution,117.0
672,WV,2013,prostitution_a_p_p,0.0
673,WV,2013,prostitution_p,0.0
674,WV,2013,prostitution_p_p,0.0
675,WV,2013,rape,95.0
676,WV,2013,robbery,182.0
677,WV,2013,sex_offense,132.0
678,WV,2013,simple_assault,5621.0
679,WV,2013,stolen_property,367.0
680,WV,2013,suspicion,0.0
681,WV,2013,vagrancy,11.0
682,WV,2013,vandalism,735.0
683,WV,2013,weapons,360.0
685,WV,2013,data_year,2013.0
686,WV,2014,aggravated_assault,1688.0
687,WV,2014,all_other_offenses,13415.0
688,WV,2014,arson,27.0
689,WV,2014,burglary,807.0
690,WV,2014,curfew,5.0
691,WV,2014,disorderly,667.0
692,WV,2014,driving,5010.0
693,WV,2014,drug_abuse_gt,6425.0
694,WV,2014,drug_poss_m,2785.0
695,WV,2014,drug_poss_opium,661.0
696,WV,2014,drug_poss_other,756.0
697,WV,2014,drug_poss_subtotal,5011.0
698,WV,2014,drug_poss_synthetic,809.0
699,WV,2014,drug_sales_m,397.0
700,WV,2014,drug_sales_opium,406.0
701,WV,2014,drug_sales_other,241.0
702,WV,2014,drug_sales_subtotal,1217.0
703,WV,2014,drug_sales_synthetic,173.0
704,WV,2014,drunkness,1349.0
705,WV,2014,embezzlement,161.0
706,WV,2014,forgery,320.0
707,WV,2014,fraud,613.0
708,WV,2014,g_all,0.0
709,WV,2014,g_b,0.0
710,WV,2014,g_n,0.0
711,WV,2014,g_t,8.0
712,WV,2014,ht_c_s_a,0.0
713,WV,2014,ht_i_s,0.0
714,WV,2014,larceny,6463.0
715,WV,2014,liquor,1282.0
716,WV,2014,manslaughter,1.0
717,WV,2014,mvt,218.0
718,WV,2014,murder,57.0
719,WV,2014,offense_family,84.0
720,WV,2014,prostitution,78.0
721,WV,2014,prostitution_a_p_p,0.0
722,WV,2014,prostitution_p,0.0
723,WV,2014,prostitution_p_p,0.0
724,WV,2014,rape,99.0
725,WV,2014,robbery,165.0
726,WV,2014,sex_offense,138.0
727,WV,2014,simple_assault,5372.0
728,WV,2014,stolen_property,314.0
729,WV,2014,suspicion,0.0
730,WV,2014,vagrancy,29.0
731,WV,2014,vandalism,705.0
732,WV,2014,weapons,340.0
734,WV,2014,data_year,2014.0
735,WV,2015,aggravated_assault,1750.0
736,WV,2015,all_other_offenses,13719.0
737,WV,2015,arson,45.0
738,WV,2015,burglary,856.0
739,WV,2015,curfew,16.0
740,WV,2015,disorderly,782.0
741,WV,2015,driving,5425.0
742,WV,2015,drug_abuse_gt,7093.0
743,WV,2015,drug_poss_m,2875.0
744,WV,2015,drug_poss_opium,824.0
745,WV,2015,drug_poss_other,949.0
746,WV,2015,drug_poss_subtotal,5471.0
747,WV,2015,drug_poss_synthetic,823.0
748,WV,2015,drug_sales_m,410.0
749,WV,2015,drug_sales_opium,544.0
750,WV,2015,drug_sales_other,262.0
751,WV,2015,drug_sales_subtotal,1449.0
752,WV,2015,drug_sales_synthetic,233.0
753,WV,2015,drunkness,1184.0
754,WV,2015,embezzlement,169.0
755,WV,2015,forgery,350.0
756,WV,2015,fraud,688.0
757,WV,2015,g_all,0.0
758,WV,2015,g_b,0.0
759,WV,2015,g_n,0.0
760,WV,2015,g_t,2.0
761,WV,2015,ht_c_s_a,0.0
762,WV,2015,ht_i_s,0.0
763,WV,2015,larceny,6682.0
764,WV,2015,liquor,1066.0
765,WV,2015,manslaughter,0.0
766,WV,2015,mvt,240.0
767,WV,2015,murder,45.0
768,WV,2015,offense_family,124.0
769,WV,2015,prostitution,66.0
770,WV,2015,prostitution_a_p_p,0.0
771,WV,2015,prostitution_p,0.0
772,WV,2015,prostitution_p_p,0.0
773,WV,2015,rape,92.0
774,WV,2015,robbery,174.0
775,WV,2015,sex_offense,132.0
776,WV,2015,simple_assault,5733.0
777,WV,2015,stolen_property,399.0
778,WV,2015,suspicion,0.0
779,WV,2015,vagrancy,27.0
780,WV,2015,vandalism,857.0
781,WV,2015,weapons,443.0
783,WV,2015,data_year,2015.0
784,WV,2016,aggravated_assault,1873.0
785,WV,2016,all_other_offenses,14801.0
786,WV,2016,arson,43.0
787,WV,2016,burglary,918.0
788,WV,2016,curfew,10.0
789,WV,2016,disorderly,743.0
790,WV,2016,driving,5396.0
791,WV,2016,drug_abuse_gt,7317.0
792,WV,2016,drug_poss_m,2638.0
793,WV,2016,drug_poss_opium,999.0
794,WV,2016,drug_poss_other,1148.0
795,WV,2016,drug_poss_subtotal,5469.0
796,WV,2016,drug_poss_synthetic,684.0
797,WV,2016,drug_sales_m,374.0
798,WV,2016,drug_sales_opium,678.0
799,WV,2016,drug_sales_other,330.0
800,WV,2016,drug_sales_subtotal,1630.0
801,WV,2016,drug_sales_synthetic,248.0
802,WV,2016,drunkness,771.0
803,WV,2016,embezzlement,110.0
804,WV,2016,forgery,379.0
805,WV,2016,fraud,600.0
806,WV,2016,g_all,0.0
807,WV,2016,g_b,0.0
808,WV,2016,g_n,0.0
809,WV,2016,g_t,3.0
810,WV,2016,ht_c_s_a,0.0
811,WV,2016,ht_i_s,0.0
812,WV,2016,larceny,5952.0
813,WV,2016,liquor,739.0
814,WV,2016,manslaughter,1.0
815,WV,2016,mvt,282.0
816,WV,2016,murder,51.0
817,WV,2016,offense_family,163.0
818,WV,2016,prostitution,98.0
819,WV,2016,prostitution_a_p_p,0.0
820,WV,2016,prostitution_p,0.0
821,WV,2016,prostitution_p_p,0.0
822,WV,2016,rape,109.0
823,WV,2016,robbery,190.0
824,WV,2016,sex_offense,116.0
825,WV,2016,simple_assault,5527.0
826,WV,2016,stolen_property,422.0
827,WV,2016,suspicion,0.0
828,WV,2016,vagrancy,31.0
829,WV,2016,vandalism,693.0
830,WV,2016,weapons,516.0
832,WV,2016,data_year,2016.0
833,WV,2017,aggravated_assault,1790.0
834,WV,2017,all_other_offenses,13311.0
835,WV,2017,arson,40.0
836,WV,2017,burglary,835.0
837,WV,2017,curfew,9.0
838,WV,2017,disorderly,843.0
839,WV,2017,driving,4941.0
840,WV,2017,drug_abuse_gt,8392.0
841,WV,2017,drug_poss_m,2895.0
842,WV,2017,drug_poss_opium,1200.0
843,WV,2017,drug_poss_other,1706.0
844,WV,2017,drug_poss_subtotal,6395.0
845,WV,2017,drug_poss_synthetic,594.0
846,WV,2017,drug_sales_m,338.0
847,WV,2017,drug_sales_opium,655.0
848,WV,2017,drug_sales_other,556.0
849,WV,2017,drug_sales_subtotal,1663.0
850,WV,2017,drug_sales_synthetic,114.0
851,WV,2017,drunkness,976.0
852,WV,2017,embezzlement,127.0
853,WV,2017,forgery,316.0
854,WV,2017,fraud,563.0
855,WV,2017,g_all,0.0
856,WV,2017,g_b,0.0
857,WV,2017,g_n,0.0
858,WV,2017,g_t,0.0
859,WV,2017,ht_c_s_a,0.0
860,WV,2017,ht_i_s,0.0
861,WV,2017,larceny,4698.0
862,WV,2017,liquor,932.0
863,WV,2017,manslaughter,1.0
864,WV,2017,mvt,310.0
865,WV,2017,murder,52.0
866,WV,2017,offense_family,161.0
867,WV,2017,prostitution,121.0
868,WV,2017,prostitution_a_p_p,13.0
869,WV,2017,prostitution_p,108.0
870,WV,2017,prostitution_p_p,0.0
871,WV,2017,rape,118.0
872,WV,2017,robbery,140.0
873,WV,2017,sex_offense,93.0
874,WV,2017,simple_assault,4961.0
875,WV,2017,stolen_property,494.0
876,WV,2017,suspicion,0.0
877,WV,2017,vagrancy,27.0
878,WV,2017,vandalism,705.0
879,WV,2017,weapons,403.0
881,WV,2017,data_year,2017.0
882,KY,2012,aggravated_assault,2107.0
883,KY,2012,all_other_offenses,63761.0
884,KY,2012,arson,186.0
885,KY,2012,burglary,4097.0
886,KY,2012,curfew,28.0
887,KY,2012,disorderly,5023.0
888,KY,2012,driving,23370.0
889,KY,2012,drug_abuse_gt,21585.0
890,KY,2012,drug_poss_m,7097.0
891,KY,2012,drug_poss_opium,1861.0
892,KY,2012,drug_poss_other,3014.0
893,KY,2012,drug_poss_subtotal,14065.0
894,KY,2012,drug_poss_synthetic,2093.0
895,KY,2012,drug_sales_m,1810.0
896,KY,2012,drug_sales_opium,1396.0
897,KY,2012,drug_sales_other,2552.0
898,KY,2012,drug_sales_subtotal,7031.0
899,KY,2012,drug_sales_synthetic,1273.0
900,KY,2012,drunkness,19117.0
901,KY,2012,embezzlement,454.0
902,KY,2012,forgery,1140.0
903,KY,2012,fraud,1001.0
904,KY,2012,g_all,7.0
905,KY,2012,g_b,0.0
906,KY,2012,g_n,5.0
907,KY,2012,g_t,17.0
908,KY,2012,ht_c_s_a,0.0
909,KY,2012,ht_i_s,0.0
910,KY,2012,larceny,16961.0
911,KY,2012,liquor,526.0
912,KY,2012,manslaughter,12.0
913,KY,2012,mvt,688.0
914,KY,2012,murder,164.0
915,KY,2012,offense_family,4842.0
916,KY,2012,prostitution,272.0
917,KY,2012,prostitution_a_p_p,0.0
918,KY,2012,prostitution_p,0.0
919,KY,2012,prostitution_p_p,0.0
920,KY,2012,rape,255.0
921,KY,2012,robbery,1253.0
922,KY,2012,sex_offense,444.0
923,KY,2012,simple_assault,11076.0
924,KY,2012,stolen_property,1809.0
925,KY,2012,suspicion,0.0
926,KY,2012,vagrancy,296.0
927,KY,2012,vandalism,1142.0
928,KY,2012,weapons,1130.0
930,KY,2012,data_year,2012.0
931,KY,2013,aggravated_assault,2120.0
932,KY,2013,all_other_offenses,62885.0
933,KY,2013,arson,172.0
934,KY,2013,burglary,3761.0
935,KY,2013,curfew,2.0
936,KY,2013,disorderly,4731.0
937,KY,2013,driving,21986.0
938,KY,2013,drug_abuse_gt,22442.0
939,KY,2013,drug_poss_m,6780.0
940,KY,2013,drug_poss_opium,2516.0
941,KY,2013,drug_poss_other,2834.0
942,KY,2013,drug_poss_subtotal,14452.0
943,KY,2013,drug_poss_synthetic,2322.0
944,KY,2013,drug_sales_m,1686.0
945,KY,2013,drug_sales_opium,1925.0
946,KY,2013,drug_sales_other,2318.0
947,KY,2013,drug_sales_subtotal,7389.0
948,KY,2013,drug_sales_synthetic,1460.0
949,KY,2013,drunkness,17058.0
950,KY,2013,embezzlement,452.0
951,KY,2013,forgery,1081.0
952,KY,2013,fraud,1084.0
953,KY,2013,g_all,1.0
954,KY,2013,g_b,0.0
955,KY,2013,g_n,2.0
956,KY,2013,g_t,15.0
957,KY,2013,ht_c_s_a,0.0
958,KY,2013,ht_i_s,0.0
959,KY,2013,larceny,18194.0
960,KY,2013,liquor,260.0
961,KY,2013,manslaughter,17.0
962,KY,2013,mvt,625.0
963,KY,2013,murder,132.0
964,KY,2013,offense_family,4909.0
965,KY,2013,prostitution,299.0
966,KY,2013,prostitution_a_p_p,0.0
967,KY,2013,prostitution_p,0.0
968,KY,2013,prostitution_p_p,0.0
969,KY,2013,rape,263.0
970,KY,2013,robbery,1287.0
971,KY,2013,sex_offense,387.0
972,KY,2013,simple_assault,11256.0
973,KY,2013,stolen_property,1942.0
974,KY,2013,suspicion,0.0
975,KY,2013,vagrancy,212.0
976,KY,2013,vandalism,1104.0
977,KY,2013,weapons,1010.0
979,KY,2013,data_year,2013.0
980,KY,2014,aggravated_assault,2153.0
981,KY,2014,all_other_offenses,66770.0
982,KY,2014,arson,147.0
983,KY,2014,burglary,3570.0
984,KY,2014,curfew,0.0
985,KY,2014,disorderly,4551.0
986,KY,2014,driving,20009.0
987,KY,2014,drug_abuse_gt,22081.0
988,KY,2014,drug_poss_m,6209.0
989,KY,2014,drug_poss_opium,2812.0
990,KY,2014,drug_poss_other,3380.0
991,KY,2014,drug_poss_subtotal,14488.0
992,KY,2014,drug_poss_synthetic,2087.0
993,KY,2014,drug_sales_m,1571.0
994,KY,2014,drug_sales_opium,1935.0
995,KY,2014,drug_sales_other,2510.0
996,KY,2014,drug_sales_subtotal,7148.0
997,KY,2014,drug_sales_synthetic,1132.0
998,KY,2014,drunkness,15714.0
999,KY,2014,embezzlement,507.0
1000,KY,2014,forgery,1053.0
1001,KY,2014,fraud,1174.0
1002,KY,2014,g_all,2.0
1003,KY,2014,g_b,0.0
1004,KY,2014,g_n,2.0
1005,KY,2014,g_t,9.0
1006,KY,2014,ht_c_s_a,0.0
1007,KY,2014,ht_i_s,0.0
1008,KY,2014,larceny,18913.0
1009,KY,2014,liquor,234.0
1010,KY,2014,manslaughter,17.0
1011,KY,2014,mvt,645.0
1012,KY,2014,murder,161.0
1013,KY,2014,offense_family,4785.0
1014,KY,2014,prostitution,226.0
1015,KY,2014,prostitution_a_p_p,0.0
1016,KY,2014,prostitution_p,0.0
1017,KY,2014,prostitution_p_p,0.0
1018,KY,2014,rape,264.0
1019,KY,2014,robbery,1280.0
1020,KY,2014,sex_offense,411.0
1021,KY,2014,simple_assault,11433.0
1022,KY,2014,stolen_property,1948.0
1023,KY,2014,suspicion,0.0
1024,KY,2014,vagrancy,179.0
1025,KY,2014,vandalism,1113.0
1026,KY,2014,weapons,1018.0
1028,KY,2014,data_year,2014.0
1029,KY,2015,aggravated_assault,1983.0
1030,KY,2015,all_other_offenses,90191.0
1031,KY,2015,arson,78.0
1032,KY,2015,burglary,3261.0
1033,KY,2015,curfew,1.0
1034,KY,2015,disorderly,4528.0
1035,KY,2015,driving,18141.0
1036,KY,2015,drug_abuse_gt,22796.0
1037,KY,2015,drug_poss_m,5698.0
1038,KY,2015,drug_poss_opium,4213.0
1039,KY,2015,drug_poss_other,5387.0
1040,KY,2015,drug_poss_subtotal,16852.0
1041,KY,2015,drug_poss_synthetic,1554.0
1042,KY,2015,drug_sales_m,920.0
1043,KY,2015,drug_sales_opium,1445.0
1044,KY,2015,drug_sales_other,2356.0
1045,KY,2015,drug_sales_subtotal,5539.0
1046,KY,2015,drug_sales_synthetic,818.0
1047,KY,2015,drunkness,15411.0
1048,KY,2015,embezzlement,487.0
1049,KY,2015,forgery,1025.0
1050,KY,2015,fraud,1150.0
1051,KY,2015,g_all,0.0
1052,KY,2015,g_b,0.0
1053,KY,2015,g_n,0.0
1054,KY,2015,g_t,17.0
1055,KY,2015,ht_c_s_a,0.0
1056,KY,2015,ht_i_s,0.0
1057,KY,2015,larceny,17125.0
1058,KY,2015,liquor,130.0
1059,KY,2015,manslaughter,18.0
1060,KY,2015,mvt,694.0
1061,KY,2015,murder,168.0
1062,KY,2015,offense_family,4467.0
1063,KY,2015,prostitution,275.0
1064,KY,2015,prostitution_a_p_p,0.0
1065,KY,2015,prostitution_p,0.0
1066,KY,2015,prostitution_p_p,0.0
1067,KY,2015,rape,267.0
1068,KY,2015,robbery,1148.0
1069,KY,2015,sex_offense,414.0
1070,KY,2015,simple_assault,11639.0
1071,KY,2015,stolen_property,2161.0
1072,KY,2015,suspicion,0.0
1073,KY,2015,vagrancy,145.0
1074,KY,2015,vandalism,1078.0
1075,KY,2015,weapons,887.0
1077,KY,2015,data_year,2015.0
1078,KY,2016,aggravated_assault,1969.0
1079,KY,2016,all_other_offenses,106259.0
1080,KY,2016,arson,53.0
1081,KY,2016,burglary,3051.0
1082,KY,2016,curfew,3.0
1083,KY,2016,disorderly,4098.0
1084,KY,2016,driving,16909.0
1085,KY,2016,drug_abuse_gt,23616.0
1086,KY,2016,drug_poss_m,5130.0
1087,KY,2016,drug_poss_opium,4321.0
1088,KY,2016,drug_poss_other,7121.0
1089,KY,2016,drug_poss_subtotal,18080.0
1090,KY,2016,drug_poss_synthetic,1508.0
1091,KY,2016,drug_sales_m,938.0
1092,KY,2016,drug_sales_opium,1240.0
1093,KY,2016,drug_sales_other,2543.0
1094,KY,2016,drug_sales_subtotal,5229.0
1095,KY,2016,drug_sales_synthetic,508.0
1096,KY,2016,drunkness,14264.0
1097,KY,2016,embezzlement,457.0
1098,KY,2016,forgery,1057.0
1099,KY,2016,fraud,1055.0
1100,KY,2016,g_all,0.0
1101,KY,2016,g_b,0.0
1102,KY,2016,g_n,0.0
1103,KY,2016,g_t,9.0
1104,KY,2016,ht_c_s_a,0.0
1105,KY,2016,ht_i_s,0.0
1106,KY,2016,larceny,14393.0
1107,KY,2016,liquor,94.0
1108,KY,2016,manslaughter,17.0
1109,KY,2016,mvt,895.0
1110,KY,2016,murder,191.0
1111,KY,2016,offense_family,4558.0
1112,KY,2016,prostitution,252.0
1113,KY,2016,prostitution_a_p_p,0.0
1114,KY,2016,prostitution_p,0.0
1115,KY,2016,prostitution_p_p,0.0
1116,KY,2016,rape,260.0
1117,KY,2016,robbery,1138.0
1118,KY,2016,sex_offense,321.0
1119,KY,2016,simple_assault,11783.0
1120,KY,2016,stolen_property,2657.0
1121,KY,2016,suspicion,0.0
1122,KY,2016,vagrancy,137.0
1123,KY,2016,vandalism,1148.0
1124,KY,2016,weapons,902.0
1126,KY,2016,data_year,2016.0
1127,KY,2017,aggravated_assault,2059.0
1128,KY,2017,all_other_offenses,142273.0
1129,KY,2017,arson,69.0
1130,KY,2017,burglary,2992.0
1131,KY,2017,curfew,2.0
1132,KY,2017,disorderly,4599.0
1133,KY,2017,driving,17859.0
1134,KY,2017,drug_abuse_gt,27043.0
1135,KY,2017,drug_poss_m,5701.0
1136,KY,2017,drug_poss_opium,4310.0
1137,KY,2017,drug_poss_other,9875.0
1138,KY,2017,drug_poss_subtotal,21015.0
1139,KY,2017,drug_poss_synthetic,1129.0
1140,KY,2017,drug_sales_m,933.0
1141,KY,2017,drug_sales_opium,1487.0
1142,KY,2017,drug_sales_other,3098.0
1143,KY,2017,drug_sales_subtotal,5840.0
1144,KY,2017,drug_sales_synthetic,322.0
1145,KY,2017,drunkness,16286.0
1146,KY,2017,embezzlement,406.0
1147,KY,2017,forgery,1135.0
1148,KY,2017,fraud,1420.0
1149,KY,2017,g_all,0.0
1150,KY,2017,g_b,0.0
1151,KY,2017,g_n,0.0
1152,KY,2017,g_t,3.0
1153,KY,2017,ht_c_s_a,0.0
1154,KY,2017,ht_i_s,0.0
1155,KY,2017,larceny,13393.0
1156,KY,2017,liquor,100.0
1157,KY,2017,manslaughter,13.0
1158,KY,2017,mvt,931.0
1159,KY,2017,murder,193.0
1160,KY,2017,offense_family,6121.0
1161,KY,2017,prostitution,169.0
1162,KY,2017,prostitution_a_p_p,6.0
1163,KY,2017,prostitution_p,163.0
1164,KY,2017,prostitution_p_p,0.0
1165,KY,2017,rape,263.0
1166,KY,2017,robbery,1003.0
1167,KY,2017,sex_offense,291.0
1168,KY,2017,simple_assault,12180.0
1169,KY,2017,stolen_property,3041.0
1170,KY,2017,suspicion,0.0
1171,KY,2017,vagrancy,73.0
1172,KY,2017,vandalism,1195.0
1173,KY,2017,weapons,978.0
1175,KY,2017,data_year,2017.0
1176,IN,2012,aggravated_assault,4650.0
1177,IN,2012,all_other_offenses,40281.0
1178,IN,2012,arson,129.0
1179,IN,2012,burglary,3160.0
1180,IN,2012,curfew,443.0
1181,IN,2012,disorderly,5573.0
1182,IN,2012,driving,15528.0
1183,IN,2012,drug_abuse_gt,18949.0
1184,IN,2012,drug_poss_m,7911.0
1185,IN,2012,drug_poss_opium,1105.0
1186,IN,2012,drug_poss_other,1684.0
1187,IN,2012,drug_poss_subtotal,14278.0
1188,IN,2012,drug_poss_synthetic,1359.0
1189,IN,2012,drug_sales_m,1255.0
1190,IN,2012,drug_sales_opium,1001.0
1191,IN,2012,drug_sales_other,690.0
1192,IN,2012,drug_sales_subtotal,4313.0
1193,IN,2012,drug_sales_synthetic,615.0
1194,IN,2012,drunkness,11240.0
1195,IN,2012,embezzlement,79.0
1196,IN,2012,forgery,698.0
1197,IN,2012,fraud,1450.0
1198,IN,2012,g_all,11.0
1199,IN,2012,g_b,3.0
1200,IN,2012,g_n,0.0
1201,IN,2012,g_t,18.0
1202,IN,2012,ht_c_s_a,0.0
1203,IN,2012,ht_i_s,0.0
1204,IN,2012,larceny,18940.0
1205,IN,2012,liquor,8756.0
1206,IN,2012,manslaughter,12.0
1207,IN,2012,mvt,1084.0
1208,IN,2012,murder,170.0
1209,IN,2012,offense_family,1254.0
1210,IN,2012,prostitution,828.0
1211,IN,2012,prostitution_a_p_p,0.0
1212,IN,2012,prostitution_p,0.0
1213,IN,2012,prostitution_p_p,0.0
1214,IN,2012,rape,116.0
1215,IN,2012,robbery,1113.0
1216,IN,2012,sex_offense,1334.0
1217,IN,2012,simple_assault,15369.0
1218,IN,2012,stolen_property,801.0
1219,IN,2012,suspicion,234.0
1220,IN,2012,vagrancy,42.0
1221,IN,2012,vandalism,1888.0
1222,IN,2012,weapons,1489.0
1224,IN,2012,data_year,2012.0
1225,IN,2013,aggravated_assault,15031.0
1226,IN,2013,all_other_offenses,110641.0
1227,IN,2013,arson,113.0
1228,IN,2013,burglary,2641.0
1229,IN,2013,curfew,319.0
1230,IN,2013,disorderly,14384.0
1231,IN,2013,driving,83485.0
1232,IN,2013,drug_abuse_gt,73314.0
1233,IN,2013,drug_poss_m,56445.0
1234,IN,2013,drug_poss_opium,891.0
1235,IN,2013,drug_poss_other,1520.0
1236,IN,2013,drug_poss_subtotal,60259.0
1237,IN,2013,drug_poss_synthetic,1402.0
1238,IN,2013,drug_sales_m,11036.0
1239,IN,2013,drug_sales_opium,755.0
1240,IN,2013,drug_sales_other,498.0
1241,IN,2013,drug_sales_subtotal,12974.0
1242,IN,2013,drug_sales_synthetic,684.0
1243,IN,2013,drunkness,37601.0
1244,IN,2013,embezzlement,146.0
1245,IN,2013,forgery,809.0
1246,IN,2013,fraud,1105.0
1247,IN,2013,g_all,4.0
1248,IN,2013,g_b,0.0
1249,IN,2013,g_n,0.0
1250,IN,2013,g_t,74.0
1251,IN,2013,ht_c_s_a,0.0
1252,IN,2013,ht_i_s,0.0
1253,IN,2013,larceny,38613.0
1254,IN,2013,liquor,67555.0
1255,IN,2013,manslaughter,18.0
1256,IN,2013,mvt,21074.0
1257,IN,2013,murder,162.0
1258,IN,2013,offense_family,11009.0
1259,IN,2013,prostitution,730.0
1260,IN,2013,prostitution_a_p_p,0.0
1261,IN,2013,prostitution_p,0.0
1262,IN,2013,prostitution_p_p,0.0
1263,IN,2013,rape,172.0
1264,IN,2013,robbery,1077.0
1265,IN,2013,sex_offense,1130.0
1266,IN,2013,simple_assault,23898.0
1267,IN,2013,stolen_property,747.0
1268,IN,2013,suspicion,139.0
1269,IN,2013,vagrancy,121.0
1270,IN,2013,vandalism,1501.0
1271,IN,2013,weapons,1467.0
1273,IN,2013,data_year,2013.0
1274,IN,2014,aggravated_assault,5954.0
1275,IN,2014,all_other_offenses,45239.0
1276,IN,2014,arson,102.0
1277,IN,2014,burglary,2494.0
1278,IN,2014,curfew,376.0
1279,IN,2014,disorderly,3909.0
1280,IN,2014,driving,15068.0
1281,IN,2014,drug_abuse_gt,16348.0
1282,IN,2014,drug_poss_m,7639.0
1283,IN,2014,drug_poss_opium,1127.0
1284,IN,2014,drug_poss_other,1994.0
1285,IN,2014,drug_poss_subtotal,12156.0
1286,IN,2014,drug_poss_synthetic,1396.0
1287,IN,2014,drug_sales_m,1288.0
1288,IN,2014,drug_sales_opium,1115.0
1289,IN,2014,drug_sales_other,1063.0
1290,IN,2014,drug_sales_subtotal,4094.0
1291,IN,2014,drug_sales_synthetic,628.0
1292,IN,2014,drunkness,5867.0
1293,IN,2014,embezzlement,130.0
1294,IN,2014,forgery,880.0
1295,IN,2014,fraud,1368.0
1296,IN,2014,g_all,9.0
1297,IN,2014,g_b,0.0
1298,IN,2014,g_n,0.0
1299,IN,2014,g_t,14.0
1300,IN,2014,ht_c_s_a,0.0
1301,IN,2014,ht_i_s,0.0
1302,IN,2014,larceny,19150.0
1303,IN,2014,liquor,5951.0
1304,IN,2014,manslaughter,10.0
1305,IN,2014,mvt,1277.0
1306,IN,2014,murder,189.0
1307,IN,2014,offense_family,1259.0
1308,IN,2014,prostitution,497.0
1309,IN,2014,prostitution_a_p_p,0.0
1310,IN,2014,prostitution_p,0.0
1311,IN,2014,prostitution_p_p,0.0
1312,IN,2014,rape,173.0
1313,IN,2014,robbery,1187.0
1314,IN,2014,sex_offense,840.0
1315,IN,2014,simple_assault,13201.0
1316,IN,2014,stolen_property,704.0
1317,IN,2014,suspicion,188.0
1318,IN,2014,vagrancy,233.0
1319,IN,2014,vandalism,1401.0
1320,IN,2014,weapons,1596.0
1322,IN,2014,data_year,2014.0
1323,IN,2015,aggravated_assault,5962.0
1324,IN,2015,all_other_offenses,55757.0
1325,IN,2015,arson,89.0
1326,IN,2015,burglary,2352.0
1327,IN,2015,curfew,343.0
1328,IN,2015,disorderly,3831.0
1329,IN,2015,driving,15061.0
1330,IN,2015,drug_abuse_gt,17397.0
1331,IN,2015,drug_poss_m,7516.0
1332,IN,2015,drug_poss_opium,1543.0
1333,IN,2015,drug_poss_other,2259.0
1334,IN,2015,drug_poss_subtotal,12818.0
1335,IN,2015,drug_poss_synthetic,1500.0
1336,IN,2015,drug_sales_m,1205.0
1337,IN,2015,drug_sales_opium,1318.0
1338,IN,2015,drug_sales_other,1315.0
1339,IN,2015,drug_sales_subtotal,4415.0
1340,IN,2015,drug_sales_synthetic,577.0
1341,IN,2015,drunkness,4609.0
1342,IN,2015,embezzlement,145.0
1343,IN,2015,forgery,916.0
1344,IN,2015,fraud,1616.0
1345,IN,2015,g_all,10.0
1346,IN,2015,g_b,0.0
1347,IN,2015,g_n,0.0
1348,IN,2015,g_t,13.0
1349,IN,2015,ht_c_s_a,0.0
1350,IN,2015,ht_i_s,0.0
1351,IN,2015,larceny,18282.0
1352,IN,2015,liquor,5592.0
1353,IN,2015,manslaughter,10.0
1354,IN,2015,mvt,1432.0
1355,IN,2015,murder,204.0
1356,IN,2015,offense_family,1316.0
1357,IN,2015,prostitution,435.0
1358,IN,2015,prostitution_a_p_p,0.0
1359,IN,2015,prostitution_p,2.0
1360,IN,2015,prostitution_p_p,0.0
1361,IN,2015,rape,186.0
1362,IN,2015,robbery,1239.0
1363,IN,2015,sex_offense,920.0
1364,IN,2015,simple_assault,13070.0
1365,IN,2015,stolen_property,578.0
1366,IN,2015,suspicion,136.0
1367,IN,2015,vagrancy,165.0
1368,IN,2015,vandalism,1372.0
1369,IN,2015,weapons,2117.0
1371,IN,2015,data_year,2015.0
1372,IN,2016,aggravated_assault,5872.0
1373,IN,2016,all_other_offenses,54228.0
1374,IN,2016,arson,114.0
1375,IN,2016,burglary,2326.0
1376,IN,2016,curfew,249.0
1377,IN,2016,disorderly,3811.0
1378,IN,2016,driving,14365.0
1379,IN,2016,drug_abuse_gt,18903.0
1380,IN,2016,drug_poss_m,8183.0
1381,IN,2016,drug_poss_opium,1912.0
1382,IN,2016,drug_poss_other,2644.0
1383,IN,2016,drug_poss_subtotal,14605.0
1384,IN,2016,drug_poss_synthetic,1868.0
1385,IN,2016,drug_sales_m,1130.0
1386,IN,2016,drug_sales_opium,1142.0
1387,IN,2016,drug_sales_other,1135.0
1388,IN,2016,drug_sales_subtotal,3967.0
1389,IN,2016,drug_sales_synthetic,556.0
1390,IN,2016,drunkness,4412.0
1391,IN,2016,embezzlement,205.0
1392,IN,2016,forgery,1379.0
1393,IN,2016,fraud,1755.0
1394,IN,2016,g_all,9.0
1395,IN,2016,g_b,0.0
1396,IN,2016,g_n,0.0
1397,IN,2016,g_t,21.0
1398,IN,2016,ht_c_s_a,0.0
1399,IN,2016,ht_i_s,0.0
1400,IN,2016,larceny,17170.0
1401,IN,2016,liquor,4010.0
1402,IN,2016,manslaughter,13.0
1403,IN,2016,mvt,1698.0
1404,IN,2016,murder,166.0
1405,IN,2016,offense_family,1128.0
1406,IN,2016,prostitution,317.0
1407,IN,2016,prostitution_a_p_p,0.0
1408,IN,2016,prostitution_p,0.0
1409,IN,2016,prostitution_p_p,0.0
1410,IN,2016,rape,197.0
1411,IN,2016,robbery,1383.0
1412,IN,2016,sex_offense,800.0
1413,IN,2016,simple_assault,13276.0
1414,IN,2016,stolen_property,560.0
1415,IN,2016,suspicion,19.0
1416,IN,2016,vagrancy,89.0
1417,IN,2016,vandalism,1470.0
1418,IN,2016,weapons,2447.0
1420,IN,2016,data_year,2016.0
1421,IN,2017,aggravated_assault,6209.0
1422,IN,2017,all_other_offenses,47677.0
1423,IN,2017,arson,66.0
1424,IN,2017,burglary,1900.0
1425,IN,2017,curfew,212.0
1426,IN,2017,disorderly,3313.0
1427,IN,2017,driving,12799.0
1428,IN,2017,drug_abuse_gt,24188.0
1429,IN,2017,drug_poss_m,9997.0
1430,IN,2017,drug_poss_opium,3228.0
1431,IN,2017,drug_poss_other,3841.0
1432,IN,2017,drug_poss_subtotal,18956.0
1433,IN,2017,drug_poss_synthetic,1900.0
1434,IN,2017,drug_sales_m,1676.0
1435,IN,2017,drug_sales_opium,1647.0
1436,IN,2017,drug_sales_other,1448.0
1437,IN,2017,drug_sales_subtotal,5207.0
1438,IN,2017,drug_sales_synthetic,437.0
1439,IN,2017,drunkness,3343.0
1440,IN,2017,embezzlement,271.0
1441,IN,2017,forgery,1149.0
1442,IN,2017,fraud,1472.0
1443,IN,2017,g_all,8.0
1444,IN,2017,g_b,0.0
1445,IN,2017,g_n,5.0
1446,IN,2017,g_t,13.0
1447,IN,2017,ht_c_s_a,0.0
1448,IN,2017,ht_i_s,0.0
1449,IN,2017,larceny,13052.0
1450,IN,2017,liquor,3759.0
1451,IN,2017,manslaughter,15.0
1452,IN,2017,mvt,1602.0
1453,IN,2017,murder,178.0
1454,IN,2017,offense_family,1048.0
1455,IN,2017,prostitution,287.0
1456,IN,2017,prostitution_a_p_p,6.0
1457,IN,2017,prostitution_p,44.0
1458,IN,2017,prostitution_p_p,5.0
1459,IN,2017,rape,205.0
1460,IN,2017,robbery,1318.0
1461,IN,2017,sex_offense,536.0
1462,IN,2017,simple_assault,10511.0
1463,IN,2017,stolen_property,286.0
1464,IN,2017,suspicion,33.0
1465,IN,2017,vagrancy,348.0
1466,IN,2017,vandalism,1078.0
1467,IN,2017,weapons,2184.0
1469,IN,2017,data_year,2017.0
1470,MI,2012,aggravated_assault,9288.0
1471,MI,2012,all_other_offenses,81656.0
1472,MI,2012,arson,273.0
1473,MI,2012,burglary,5628.0
1474,MI,2012,curfew,553.0
1475,MI,2012,disorderly,9042.0
1476,MI,2012,driving,30569.0
1477,MI,2012,drug_abuse_gt,32945.0
1478,MI,2012,drug_poss_m,16846.0
1479,MI,2012,drug_poss_opium,4366.0
1480,MI,2012,drug_poss_other,3216.0
1481,MI,2012,drug_poss_subtotal,25561.0
1482,MI,2012,drug_poss_synthetic,1133.0
1483,MI,2012,drug_sales_m,3098.0
1484,MI,2012,drug_sales_opium,2275.0
1485,MI,2012,drug_sales_other,1269.0
1486,MI,2012,drug_sales_subtotal,6954.0
1487,MI,2012,drug_sales_synthetic,312.0
1488,MI,2012,drunkness,355.0
1489,MI,2012,embezzlement,893.0
1490,MI,2012,forgery,561.0
1491,MI,2012,fraud,4495.0
1492,MI,2012,g_all,0.0
1493,MI,2012,g_b,0.0
1494,MI,2012,g_n,0.0
1495,MI,2012,g_t,47.0
1496,MI,2012,ht_c_s_a,0.0
1497,MI,2012,ht_i_s,0.0
1498,MI,2012,larceny,27437.0
1499,MI,2012,liquor,15823.0
1500,MI,2012,manslaughter,7.0
1501,MI,2012,mvt,1678.0
1502,MI,2012,murder,170.0
1503,MI,2012,offense_family,4282.0
1504,MI,2012,prostitution,385.0
1505,MI,2012,prostitution_a_p_p,0.0
1506,MI,2012,prostitution_p,0.0
1507,MI,2012,prostitution_p_p,0.0
1508,MI,2012,rape,597.0
1509,MI,2012,robbery,2056.0
1510,MI,2012,sex_offense,920.0
1511,MI,2012,simple_assault,29019.0
1512,MI,2012,stolen_property,1692.0
1513,MI,2012,suspicion,0.0
1514,MI,2012,vagrancy,218.0
1515,MI,2012,vandalism,3263.0
1516,MI,2012,weapons,3896.0
1518,MI,2012,data_year,2012.0
1519,MI,2013,aggravated_assault,8733.0
1520,MI,2013,all_other_offenses,81839.0
1521,MI,2013,arson,257.0
1522,MI,2013,burglary,4955.0
1523,MI,2013,curfew,424.0
1524,MI,2013,disorderly,7420.0
1525,MI,2013,driving,28915.0
1526,MI,2013,drug_abuse_gt,34574.0
1527,MI,2013,drug_poss_m,18189.0
1528,MI,2013,drug_poss_opium,4397.0
1529,MI,2013,drug_poss_other,3147.0
1530,MI,2013,drug_poss_subtotal,27053.0
1531,MI,2013,drug_poss_synthetic,1320.0
1532,MI,2013,drug_sales_m,3396.0
1533,MI,2013,drug_sales_opium,2057.0
1534,MI,2013,drug_sales_other,1355.0
1535,MI,2013,drug_sales_subtotal,7124.0
1536,MI,2013,drug_sales_synthetic,316.0
1537,MI,2013,drunkness,380.0
1538,MI,2013,embezzlement,1028.0
1539,MI,2013,forgery,606.0
1540,MI,2013,fraud,4395.0
1541,MI,2013,g_all,0.0
1542,MI,2013,g_b,0.0
1543,MI,2013,g_n,0.0
1544,MI,2013,g_t,72.0
1545,MI,2013,ht_c_s_a,0.0
1546,MI,2013,ht_i_s,0.0
1547,MI,2013,larceny,25812.0
1548,MI,2013,liquor,13333.0
1549,MI,2013,manslaughter,4.0
1550,MI,2013,mvt,1541.0
1551,MI,2013,murder,246.0
1552,MI,2013,offense_family,3781.0
1553,MI,2013,prostitution,295.0
1554,MI,2013,prostitution_a_p_p,0.0
1555,MI,2013,prostitution_p,0.0
1556,MI,2013,prostitution_p_p,0.0
1557,MI,2013,rape,838.0
1558,MI,2013,robbery,2118.0
1559,MI,2013,sex_offense,660.0
1560,MI,2013,simple_assault,26914.0
1561,MI,2013,stolen_property,1628.0
1562,MI,2013,suspicion,0.0
1563,MI,2013,vagrancy,270.0
1564,MI,2013,vandalism,2874.0
1565,MI,2013,weapons,4057.0
1567,MI,2013,data_year,2013.0
1568,MI,2014,aggravated_assault,9021.0
1569,MI,2014,all_other_offenses,84868.0
1570,MI,2014,arson,219.0
1571,MI,2014,burglary,3910.0
1572,MI,2014,curfew,453.0
1573,MI,2014,disorderly,7081.0
1574,MI,2014,driving,28884.0
1575,MI,2014,drug_abuse_gt,34637.0
1576,MI,2014,drug_poss_m,18425.0
1577,MI,2014,drug_poss_opium,4600.0
1578,MI,2014,drug_poss_other,3358.0
1579,MI,2014,drug_poss_subtotal,27672.0
1580,MI,2014,drug_poss_synthetic,1289.0
1581,MI,2014,drug_sales_m,3129.0
1582,MI,2014,drug_sales_opium,2105.0
1583,MI,2014,drug_sales_other,1179.0
1584,MI,2014,drug_sales_subtotal,6684.0
1585,MI,2014,drug_sales_synthetic,271.0
1586,MI,2014,drunkness,434.0
1587,MI,2014,embezzlement,946.0
1588,MI,2014,forgery,544.0
1589,MI,2014,fraud,4116.0
1590,MI,2014,g_all,0.0
1591,MI,2014,g_b,0.0
1592,MI,2014,g_n,0.0
1593,MI,2014,g_t,72.0
1594,MI,2014,ht_c_s_a,0.0
1595,MI,2014,ht_i_s,0.0
1596,MI,2014,larceny,24114.0
1597,MI,2014,liquor,12717.0
1598,MI,2014,manslaughter,10.0
1599,MI,2014,mvt,1314.0
1600,MI,2014,murder,290.0
1601,MI,2014,offense_family,4681.0
1602,MI,2014,prostitution,395.0
1603,MI,2014,prostitution_a_p_p,0.0
1604,MI,2014,prostitution_p,0.0
1605,MI,2014,prostitution_p_p,0.0
1606,MI,2014,rape,666.0
1607,MI,2014,robbery,1723.0
1608,MI,2014,sex_offense,626.0
1609,MI,2014,simple_assault,26653.0
1610,MI,2014,stolen_property,1506.0
1611,MI,2014,suspicion,0.0
1612,MI,2014,vagrancy,169.0
1613,MI,2014,vandalism,2393.0
1614,MI,2014,weapons,3714.0
1616,MI,2014,data_year,2014.0
1617,MI,2015,aggravated_assault,8753.0
1618,MI,2015,all_other_offenses,86635.0
1619,MI,2015,arson,223.0
1620,MI,2015,burglary,3161.0
1621,MI,2015,curfew,399.0
1622,MI,2015,disorderly,6646.0
1623,MI,2015,driving,27888.0
1624,MI,2015,drug_abuse_gt,36007.0
1625,MI,2015,drug_poss_m,18705.0
1626,MI,2015,drug_poss_opium,5155.0
1627,MI,2015,drug_poss_other,3775.0
1628,MI,2015,drug_poss_subtotal,28915.0
1629,MI,2015,drug_poss_synthetic,1280.0
1630,MI,2015,drug_sales_m,2988.0
1631,MI,2015,drug_sales_opium,2174.0
1632,MI,2015,drug_sales_other,1496.0
1633,MI,2015,drug_sales_subtotal,6937.0
1634,MI,2015,drug_sales_synthetic,279.0
1635,MI,2015,drunkness,439.0
1636,MI,2015,embezzlement,890.0
1637,MI,2015,forgery,529.0
1638,MI,2015,fraud,3872.0
1639,MI,2015,g_all,42.0
1640,MI,2015,g_b,0.0
1641,MI,2015,g_n,0.0
1642,MI,2015,g_t,71.0
1643,MI,2015,ht_c_s_a,0.0
1644,MI,2015,ht_i_s,0.0
1645,MI,2015,larceny,21482.0
1646,MI,2015,liquor,11174.0
1647,MI,2015,manslaughter,10.0
1648,MI,2015,mvt,1165.0
1649,MI,2015,murder,252.0
1650,MI,2015,offense_family,4237.0
1651,MI,2015,prostitution,614.0
1652,MI,2015,prostitution_a_p_p,0.0
1653,MI,2015,prostitution_p,0.0
1654,MI,2015,prostitution_p_p,0.0
1655,MI,2015,rape,663.0
1656,MI,2015,robbery,1537.0
1657,MI,2015,sex_offense,567.0
1658,MI,2015,simple_assault,26219.0
1659,MI,2015,stolen_property,1510.0
1660,MI,2015,suspicion,17.0
1661,MI,2015,vagrancy,221.0
1662,MI,2015,vandalism,2488.0
1663,MI,2015,weapons,3388.0
1665,MI,2015,data_year,2015.0
1666,MI,2016,aggravated_assault,9852.0
1667,MI,2016,all_other_offenses,91478.0
1668,MI,2016,arson,245.0
1669,MI,2016,burglary,3349.0
1670,MI,2016,curfew,333.0
1671,MI,2016,disorderly,6609.0
1672,MI,2016,driving,28086.0
1673,MI,2016,drug_abuse_gt,39238.0
1674,MI,2016,drug_poss_m,20209.0
1675,MI,2016,drug_poss_opium,5763.0
1676,MI,2016,drug_poss_other,4517.0
1677,MI,2016,drug_poss_subtotal,31598.0
1678,MI,2016,drug_poss_synthetic,1109.0
1679,MI,2016,drug_sales_m,2965.0
1680,MI,2016,drug_sales_opium,2326.0
1681,MI,2016,drug_sales_other,1865.0
1682,MI,2016,drug_sales_subtotal,7419.0
1683,MI,2016,drug_sales_synthetic,263.0
1684,MI,2016,drunkness,379.0
1685,MI,2016,embezzlement,1027.0
1686,MI,2016,forgery,659.0
1687,MI,2016,fraud,3985.0
1688,MI,2016,g_all,2.0
1689,MI,2016,g_b,0.0
1690,MI,2016,g_n,0.0
1691,MI,2016,g_t,38.0
1692,MI,2016,ht_c_s_a,0.0
1693,MI,2016,ht_i_s,0.0
1694,MI,2016,larceny,21902.0
1695,MI,2016,liquor,11026.0
1696,MI,2016,manslaughter,4.0
1697,MI,2016,mvt,1439.0
1698,MI,2016,murder,171.0
1699,MI,2016,offense_family,3004.0
1700,MI,2016,prostitution,532.0
1701,MI,2016,prostitution_a_p_p,0.0
1702,MI,2016,prostitution_p,0.0
1703,MI,2016,prostitution_p_p,0.0
1704,MI,2016,rape,777.0
1705,MI,2016,robbery,1481.0
1706,MI,2016,sex_offense,709.0
1707,MI,2016,simple_assault,27957.0
1708,MI,2016,stolen_property,1677.0
1709,MI,2016,suspicion,0.0
1710,MI,2016,vagrancy,242.0
1711,MI,2016,vandalism,2859.0
1712,MI,2016,weapons,4190.0
1714,MI,2016,data_year,2016.0
1715,MI,2017,aggravated_assault,9502.0
1716,MI,2017,all_other_offenses,87819.0
1717,MI,2017,arson,241.0
1718,MI,2017,burglary,3220.0
1719,MI,2017,curfew,351.0
1720,MI,2017,disorderly,6057.0
1721,MI,2017,driving,26881.0
1722,MI,2017,drug_abuse_gt,33532.0
1723,MI,2017,drug_poss_m,16492.0
1724,MI,2017,drug_poss_opium,5421.0
1725,MI,2017,drug_poss_other,4263.0
1726,MI,2017,drug_poss_subtotal,27030.0
1727,MI,2017,drug_poss_synthetic,854.0
1728,MI,2017,drug_sales_m,2058.0
1729,MI,2017,drug_sales_opium,2386.0
1730,MI,2017,drug_sales_other,1357.0
1731,MI,2017,drug_sales_subtotal,5964.0
1732,MI,2017,drug_sales_synthetic,163.0
1733,MI,2017,drunkness,352.0
1734,MI,2017,embezzlement,1183.0
1735,MI,2017,forgery,655.0
1736,MI,2017,fraud,3981.0
1737,MI,2017,g_all,0.0
1738,MI,2017,g_b,0.0
1739,MI,2017,g_n,0.0
1740,MI,2017,g_t,42.0
1741,MI,2017,ht_c_s_a,0.0
1742,MI,2017,ht_i_s,0.0
1743,MI,2017,larceny,20106.0
1744,MI,2017,liquor,8897.0
1745,MI,2017,manslaughter,7.0
1746,MI,2017,mvt,1294.0
1747,MI,2017,murder,268.0
1748,MI,2017,offense_family,2806.0
1749,MI,2017,prostitution,238.0
1750,MI,2017,prostitution_a_p_p,78.0
1751,MI,2017,prostitution_p,153.0
1752,MI,2017,prostitution_p_p,7.0
1753,MI,2017,rape,847.0
1754,MI,2017,robbery,1312.0
1755,MI,2017,sex_offense,564.0
1756,MI,2017,simple_assault,28095.0
1757,MI,2017,stolen_property,1810.0
1758,MI,2017,suspicion,0.0
1759,MI,2017,vagrancy,140.0
1760,MI,2017,vandalism,2841.0
1761,MI,2017,weapons,4627.0
1763,MI,2017,data_year,2017.0
